label	hashtags	urls	users	rt	uppercase_chars	min_chars	max_chars	tot_chars	uppercase_words	min_words_alt	max_words_alt	tot_words_alt	stop_words	emojis	sentiments_positive	sentiments_negative	sentiments_neutral	ner2_PER	ner2_ORG	ner2_LOC	ner2_MISC
0	10	92	22	195	1245	11	122	14535	891	3	24	2553	959	15	46	42	112	99	50	36	95
0	14	121	140	34	1798	9	121	10369	650	4	25	2137	814	321	40	27	133	55	33	19	103
0	19	99	253	73	457	13	140	12253	356	4	26	2576	1137	22	71	31	98	38	13	24	29
0	35	63	168	103	863	10	127	13290	557	3	24	2576	1055	53	60	57	83	76	51	38	66
0	0	22	213	3	496	13	139	14768	395	4	32	3177	1520	11	82	50	68	53	28	36	42
0	33	113	114	23	689	4	117	8594	315	2	26	1968	721	152	73	17	110	61	12	18	79
0	76	110	84	136	999	7	134	11820	624	3	27	2432	976	53	79	20	101	40	24	29	78
0	39	118	36	151	645	4	117	7685	340	2	27	1683	619	123	43	25	132	61	15	15	68
0	0	7	3	45	525	9	128	9892	218	3	28	2121	1145	85	65	49	86	29	7	8	44
0	0	196	0	1	6	28	79	12431	3	6	15	2271	725	1	1	1	198	0	0	0	0
0	9	25	12	41	468	6	134	10890	235	3	28	2361	1103	149	44	41	115	28	16	6	45
0	1	35	18	123	143	11	135	9441	79	3	30	2049	1034	218	72	44	84	25	12	7	31
0	0	11	13	11	391	9	128	11262	175	3	29	2349	1067	186	65	50	85	28	5	9	48
0	0	205	57	1	1235	18	116	13766	844	5	22	2476	651	0	35	35	130	49	104	111	137
0	30	12	110	38	361	11	135	8843	264	3	25	1907	803	248	65	36	99	33	5	11	51
0	0	57	11	85	437	12	125	13765	219	3	28	2767	1475	110	108	40	52	27	17	47	36
0	2	19	3	184	845	10	122	11733	338	3	24	2379	1160	164	66	44	90	38	14	11	80
0	1	19	27	29	360	5	123	8498	219	1	22	1801	913	48	78	35	87	29	8	17	33
0	13	38	110	32	370	10	140	11473	295	3	27	2383	1106	71	71	44	85	42	10	21	43
0	0	43	11	85	475	14	132	10412	242	3	31	2139	1045	119	66	39	95	33	6	11	48
0	1	47	11	114	310	4	111	10705	189	2	25	2245	1159	93	74	46	80	33	12	15	49
0	5	37	37	31	354	9	116	7693	249	3	22	1642	692	70	51	35	114	52	7	6	36
0	12	21	203	28	507	11	128	10901	353	3	27	2271	1135	4	102	28	70	36	10	17	34
0	28	94	60	87	651	11	140	9644	358	3	30	2152	967	243	64	32	104	50	14	5	70
0	0	50	31	47	317	8	140	10055	174	3	29	2208	1014	374	52	52	96	32	12	10	39
0	1	60	99	6	371	9	138	10254	211	3	29	2272	970	176	61	60	79	45	7	6	35
0	0	93	3	179	793	12	136	10073	289	4	25	2148	1066	141	50	43	107	33	19	9	69
0	5	67	155	16	503	9	137	9693	213	4	27	2089	946	23	78	31	91	29	17	12	57
0	9	5	1	174	483	9	120	11839	196	3	28	2471	1329	96	77	61	62	21	13	5	36
0	4	153	18	25	132	11	99	9893	91	3	22	1949	729	77	25	27	148	13	2	3	12
0	2	55	67	65	492	9	143	8864	270	3	28	1998	791	227	75	30	95	31	8	4	65
0	0	11	343	4	356	9	121	10765	280	4	23	2168	917	0	57	32	111	33	12	17	37
0	8	102	8	86	554	7	132	9910	284	3	29	2120	972	129	51	55	94	43	21	14	57
0	58	4	232	1	254	10	134	12269	227	4	28	2820	1340	25	67	61	72	23	25	14	33
0	2	51	45	71	567	11	132	10852	302	3	28	2311	1103	170	58	42	100	46	15	8	58
0	0	34	66	42	549	12	140	11970	356	4	29	2387	1173	48	71	38	91	45	24	17	50
0	20	60	149	77	490	10	139	10895	247	3	26	2368	1096	261	72	43	85	49	10	9	68
0	16	66	69	68	580	11	120	9331	314	3	25	1916	864	120	65	49	86	39	13	20	42
0	10	29	70	23	409	5	121	8085	209	3	26	1824	772	143	60	37	103	31	10	14	46
0	11	44	92	141	1906	10	127	12028	721	3	27	2575	949	413	95	30	75	32	51	16	110
0	13	30	66	44	294	7	93	7835	173	3	24	1761	764	95	51	39	110	45	9	7	42
0	7	80	37	120	550	13	124	10025	313	3	25	2164	1009	135	76	29	95	59	21	12	59
0	8	160	17	188	726	8	121	9117	348	3	23	1990	833	244	61	38	101	49	24	14	50
0	2	85	9	174	693	8	125	10800	317	3	27	2250	1045	166	54	52	94	40	18	8	56
0	6	70	14	86	753	12	136	10403	346	4	28	2092	955	168	74	36	90	43	17	13	61
0	2	92	12	161	479	12	122	10091	221	3	24	2086	949	119	54	48	98	37	19	12	47
0	533	194	0	0	682	17	112	10233	540	3	22	2524	795	0	65	19	116	101	31	25	69
0	2	11	177	0	505	7	140	9142	311	4	28	1998	967	94	68	30	102	36	9	7	46
0	4	87	7	195	714	11	119	10105	381	3	25	2077	1006	136	72	25	103	41	19	9	85
0	1	67	69	43	497	10	139	12217	229	3	28	2537	1265	45	62	51	87	38	22	11	48
0	0	8	267	0	1268	18	141	16917	746	4	26	3102	1169	9	70	56	74	75	43	52	102
0	2	83	24	158	620	10	133	11929	320	3	29	2427	1207	225	52	50	98	31	8	15	77
0	4	56	48	140	539	11	124	10779	310	3	27	2177	1036	65	81	32	87	36	20	13	42
0	8	53	167	81	468	10	118	10505	277	3	23	2251	980	17	65	46	89	52	7	26	57
0	11	61	104	34	571	10	136	11066	193	3	27	2266	973	22	71	39	90	31	28	9	47
0	57	60	227	4	589	8	123	10673	410	4	23	2208	985	1	77	34	89	24	29	36	57
0	285	185	21	16	392	9	112	9488	343	4	22	2135	785	6	61	40	99	37	24	17	42
0	20	206	92	0	2248	24	113	14373	1874	5	21	2639	702	0	58	24	118	69	71	30	194
0	1	129	0	0	862	12	141	11109	702	3	25	2115	664	27	129	8	63	66	53	50	124
0	11	122	122	22	582	8	126	11400	427	4	25	2389	1000	14	65	46	89	46	26	31	50
0	0	176	291	31	2525	14	124	12743	1319	4	25	2598	808	164	34	32	134	60	66	26	123
0	5	81	293	14	667	13	123	12226	546	4	23	2440	934	44	69	29	102	55	26	44	77
0	18	127	109	127	788	10	115	9529	377	4	24	2053	850	20	75	36	89	45	15	2	62
0	7	154	36	51	1053	7	140	10980	488	3	25	2111	897	38	82	23	95	27	56	16	96
0	312	85	105	73	1044	12	124	10697	599	4	22	2342	670	59	54	38	108	69	118	23	65
0	213	154	32	61	790	10	114	12233	647	3	24	2478	823	8	60	26	114	83	43	49	73
0	101	193	152	6	664	12	121	10705	526	4	23	2305	862	41	61	40	99	31	30	31	69
0	13	37	224	44	428	9	125	8730	324	1	25	2009	752	235	56	35	109	48	14	28	63
0	5	67	50	169	1024	11	121	13144	749	3	25	2514	1130	30	60	40	100	80	39	41	73
0	40	93	245	94	648	12	121	12610	463	4	25	2689	1090	26	68	45	87	42	14	28	74
0	54	96	31	137	1030	11	118	11277	699	3	23	2194	805	88	58	19	123	83	48	41	90
0	50	115	70	163	691	9	124	12602	447	3	27	2503	969	132	54	47	99	55	26	56	71
0	16	41	170	98	1059	9	126	11741	542	2	25	2393	1034	236	73	37	90	58	37	31	84
0	14	102	106	48	654	12	134	12087	508	3	24	2302	1019	10	64	34	102	64	13	22	80
0	58	124	135	75	709	10	115	9771	501	3	26	2170	778	95	79	22	99	58	22	34	101
0	22	110	238	22	437	8	124	10690	376	3	26	2278	861	12	46	25	129	32	22	38	50
0	24	96	107	139	717	11	138	12229	503	3	25	2381	1042	41	77	30	93	58	51	36	62
0	36	99	152	121	700	7	120	11093	563	3	24	2212	825	18	62	37	101	67	44	21	73
0	2	28	20	67	496	10	119	7689	167	3	24	1575	755	47	65	41	94	18	11	16	53
0	6	26	251	195	716	7	117	9835	491	4	23	2124	981	36	62	26	112	43	18	13	59
0	34	135	61	169	815	11	125	13489	593	4	25	2541	1037	16	74	35	91	50	24	43	72
0	20	94	70	193	958	13	118	12085	565	3	24	2333	1000	64	57	20	123	81	50	27	64
0	159	136	69	97	702	4	120	12735	587	3	22	2538	944	10	52	43	105	49	34	91	83
0	1	64	97	19	1296	9	108	8359	379	3	22	1858	790	72	41	51	108	22	26	6	65
0	63	86	105	144	945	12	128	14126	613	4	26	2675	1061	47	80	33	87	54	42	50	79
0	58	103	69	160	1049	8	133	11505	599	3	21	2210	909	120	59	30	111	49	36	22	72
0	12	24	245	10	411	9	133	9392	321	4	30	2089	862	158	42	55	103	24	29	14	65
0	30	87	197	101	730	7	127	12175	544	3	26	2463	1003	8	66	42	92	74	33	24	53
0	28	118	101	173	762	11	121	12938	616	3	24	2455	920	32	66	35	99	89	31	44	66
0	163	213	101	2	752	9	106	12371	580	3	24	2560	823	21	79	28	93	38	35	48	81
0	0	192	13	0	1057	14	126	12819	893	4	23	2374	763	4	54	32	114	49	37	129	113
0	60	121	287	35	886	10	119	10121	599	3	22	2272	834	3	49	37	114	31	29	19	55
0	2	89	92	127	1182	12	134	13481	644	3	26	2506	1046	22	73	33	94	91	51	28	84
0	25	138	123	134	1167	11	122	11133	673	3	24	2223	808	48	55	30	115	65	36	26	79
0	49	99	148	2	476	11	129	12857	398	4	26	2536	1168	48	78	42	80	44	12	30	58
0	24	86	98	99	848	12	117	14638	619	4	26	2839	1349	20	63	46	91	74	38	31	89
0	172	139	60	94	984	7	117	11686	763	4	22	2393	839	12	43	38	119	64	47	22	92
0	31	154	45	162	707	9	123	12806	498	3	23	2432	987	8	60	39	101	55	36	55	57
0	0	2	212	0	261	10	121	9145	140	4	26	2095	1103	36	60	27	113	5	4	0	40
0	379	160	69	33	779	9	132	9661	552	4	32	2354	766	93	74	20	106	72	38	40	79
1	88	163	155	37	1406	8	127	11304	682	4	25	2390	956	1	45	61	94	38	32	16	113
1	12	13	143	0	505	17	140	16135	399	5	30	3319	1485	28	75	44	81	95	30	53	73
1	16	131	138	59	578	10	116	9823	358	4	25	2159	840	34	63	54	83	60	27	14	46
1	6	2	177	1	380	10	135	8159	112	3	27	1854	705	57	49	54	97	11	10	6	40
1	29	91	52	6	909	10	140	11444	666	3	27	2221	926	69	66	36	98	85	15	15	84
1	103	0	0	0	2881	56	140	19802	890	9	32	3910	2061	0	76	54	70	27	56	15	179
1	2	26	1	55	376	13	134	12031	201	4	27	2477	1225	94	62	61	77	28	15	7	26
1	9	23	28	32	398	8	140	10781	211	3	30	2393	1015	243	69	42	89	35	12	4	64
1	1	24	13	36	398	10	131	10439	195	3	25	2204	1135	117	46	59	95	39	13	5	41
1	102	22	177	9	176	14	128	10723	134	4	25	2452	940	320	77	61	62	43	11	16	26
1	0	53	19	69	245	8	119	8586	140	3	25	1861	833	215	69	45	86	39	7	16	30
1	0	14	13	155	279	11	127	9067	103	3	26	1927	951	221	62	56	82	29	12	4	31
1	168	4	120	0	967	9	135	12340	469	3	28	2678	1240	3	46	105	49	37	40	9	74
1	16	17	305	21	674	11	132	10346	469	4	26	2375	1062	3	56	67	77	74	13	12	72
1	8	14	47	14	366	10	125	8621	283	3	29	1820	795	54	53	46	101	67	25	12	36
1	0	66	18	101	509	9	124	9920	234	3	25	2125	1061	100	67	46	87	38	7	12	40
1	0	0	0	0	543	19	140	14157	504	4	30	2742	1126	31	82	63	55	73	18	7	111
1	1	10	30	125	267	10	125	9789	98	4	26	2082	1045	129	62	52	86	17	14	5	43
1	2	11	17	96	395	10	130	9871	158	3	26	2090	1029	180	62	51	87	24	13	10	39
1	44	13	84	20	1238	11	140	11922	427	3	28	2426	1105	0	77	57	66	29	21	12	51
1	10	46	66	42	384	9	106	7936	224	3	17	1818	840	149	51	40	109	37	25	11	40
1	1	31	47	98	422	10	139	10019	201	4	31	2167	1104	206	61	53	86	33	4	11	48
1	2	20	31	28	461	11	136	11573	280	3	29	2492	1220	117	55	46	99	44	24	13	44
1	7	48	23	53	460	5	126	9173	223	2	25	1901	873	289	47	33	120	33	8	9	56
1	0	23	13	161	239	11	120	9648	104	3	25	2017	1016	60	66	43	91	18	9	13	32
1	5	87	16	52	441	7	115	8806	201	3	20	1804	696	83	30	30	140	22	9	8	33
1	3	71	39	72	472	9	120	8915	277	4	26	1915	834	316	53	46	101	44	14	17	58
1	1	62	62	15	507	10	144	10883	252	3	31	2370	1092	118	105	40	55	58	14	15	49
1	1	69	13	64	262	11	125	10046	107	3	27	2158	995	164	58	55	87	28	14	9	47
1	16	11	298	4	350	11	125	9850	252	3	26	2209	1008	38	61	38	101	29	10	12	40
1	1	63	102	7	714	10	128	11353	357	3	27	2377	1145	101	67	55	78	38	10	11	61
1	2	53	72	96	696	11	139	10374	371	3	31	2232	955	204	45	65	90	49	17	9	78
1	3	69	22	57	361	9	128	9799	162	3	26	2041	877	27	69	54	77	65	7	10	45
1	5	94	99	43	372	9	136	9215	261	3	28	2034	903	52	56	37	107	44	8	15	34
1	5	57	24	142	476	9	121	11082	296	2	24	2253	1093	83	57	44	99	61	14	19	51
1	0	80	44	46	422	8	123	9798	231	3	26	2116	998	23	72	58	70	33	9	7	32
1	16	13	319	8	490	11	123	10655	393	4	25	2271	975	109	67	42	91	35	19	21	41
1	0	46	25	101	627	8	117	7959	342	3	25	1728	816	26	53	48	99	34	14	5	51
1	5	68	47	107	392	10	130	10345	239	3	29	2134	934	87	56	53	91	27	17	10	50
1	5	78	90	57	391	7	123	8556	239	3	25	1853	851	104	55	37	108	45	13	16	41
1	0	82	16	130	460	8	134	9479	251	4	27	2032	915	68	49	31	120	34	12	28	42
1	5	99	36	143	864	11	122	9923	406	3	26	2077	823	175	66	36	98	56	28	15	76
1	3	82	83	39	573	7	139	11988	435	4	27	2415	1184	49	67	33	100	47	10	21	65
1	0	3	353	0	535	12	129	11854	462	4	29	2574	1145	139	48	53	99	79	16	29	71
1	3	20	10	104	752	10	143	11637	268	3	30	2455	1238	100	73	62	65	34	13	2	56
1	1	115	116	3	1128	10	120	15852	922	3	24	2945	982	29	58	58	84	120	75	54	111
1	10	23	172	85	726	7	122	10728	432	3	24	2175	1011	50	44	53	103	49	24	26	62
1	1	9	254	17	639	11	134	12533	503	4	25	2553	1263	0	53	50	97	57	39	19	49
1	17	43	352	5	634	10	126	11169	303	4	22	2331	1001	110	58	53	89	23	33	27	46
1	88	121	9	6	759	11	148	17723	592	4	29	3445	1446	87	56	94	50	52	20	18	112
1	4	84	123	45	361	7	123	10884	305	3	27	2263	1138	7	56	43	101	43	10	17	35
1	4	59	187	17	523	11	133	10756	370	4	26	2194	979	25	55	61	84	36	17	14	55
1	19	55	88	183	797	15	121	12251	557	3	23	2358	1019	34	64	27	109	74	27	38	81
1	4	147	27	12	639	11	137	11277	509	3	24	2166	898	1	68	43	89	54	25	40	83
1	30	31	112	101	861	7	135	12989	645	3	27	2608	1126	3	59	65	76	85	52	28	73
1	113	32	280	17	1428	10	133	11197	558	3	25	2523	1023	17	67	27	106	49	51	21	99
1	22	44	162	6	846	10	133	11820	501	4	28	2370	1120	77	63	34	103	37	35	31	95
1	12	51	311	42	501	13	122	11228	380	3	25	2478	1112	97	61	25	114	50	28	33	36
1	42	77	245	33	631	7	127	11194	489	4	25	2354	1033	54	63	42	95	37	25	18	80
1	28	36	196	47	822	7	123	12038	535	4	27	2426	1123	99	60	38	102	61	27	23	81
1	2	96	118	23	527	11	125	12597	428	3	25	2437	1079	4	74	37	89	41	8	27	63
1	75	88	184	36	551	6	124	9920	401	4	23	2151	873	43	49	34	117	49	19	19	51
1	16	58	183	24	885	11	116	11404	503	3	25	2344	950	15	89	33	78	72	23	26	74
1	24	46	27	38	704	11	139	12282	431	3	26	2462	1239	203	68	43	89	28	12	10	83
1	7	156	104	1	972	9	135	9905	585	4	22	1998	848	30	52	33	115	40	40	24	87
1	11	92	46	106	511	8	140	10323	328	3	27	2083	902	29	48	37	115	34	14	17	32
1	99	127	38	131	1352	12	118	13777	925	3	23	2516	840	19	58	34	108	77	60	33	103
1	99	168	47	93	934	8	109	13778	764	4	22	2549	752	14	65	43	92	35	39	82	93
1	33	110	76	79	712	9	134	12064	358	4	29	2472	1147	26	81	40	79	31	14	18	66
1	7	91	102	127	1090	10	122	12681	658	3	26	2439	960	34	52	43	105	73	39	36	52
1	8	203	69	17	597	11	116	12629	496	3	24	2603	1096	5	55	32	113	38	45	67	82
1	0	47	227	30	520	14	128	14359	355	4	26	2909	1364	14	80	45	75	33	23	22	68
1	7	148	142	58	1345	15	124	11196	727	4	22	2238	788	9	53	40	107	69	34	36	85
1	27	102	48	184	1088	9	120	13459	780	3	26	2456	909	50	54	40	106	73	42	47	78
1	9	143	95	128	1045	9	110	9584	748	3	24	2103	609	150	33	38	129	54	17	9	154
1	76	41	278	46	599	10	127	9044	401	4	25	2101	817	176	85	28	87	39	14	9	62
1	58	93	95	80	767	10	124	11716	475	3	26	2433	1079	90	77	44	79	62	18	29	73
1	34	86	127	92	693	8	119	10674	542	4	26	2183	903	27	59	38	103	63	25	25	54
1	121	37	199	11	581	14	140	13446	421	4	28	2912	1396	10	69	55	76	50	24	15	49
1	13	63	149	106	1340	9	119	12749	1035	4	26	2393	923	20	43	45	112	65	37	51	130
1	3	84	36	36	7041	10	140	9464	1692	3	31	2056	917	19	54	44	102	4	71	1	211
1	40	53	150	34	644	14	144	16746	415	4	28	3075	1238	1	81	47	72	29	18	12	67
1	29	51	277	75	629	9	129	11143	443	4	29	2353	1035	45	48	40	112	53	29	20	46
1	96	165	53	11	471	14	134	11571	402	4	26	2388	1045	79	75	22	103	41	9	13	61
1	15	75	228	101	925	14	130	12635	717	4	24	2487	918	11	66	31	103	97	41	37	65
1	153	57	283	95	836	10	126	10428	619	4	26	2425	956	61	75	20	105	45	21	25	95
1	169	145	61	179	906	11	122	11934	616	4	23	2422	947	56	68	40	92	68	36	32	61
1	27	102	183	189	1926	14	137	12711	881	4	25	2470	946	23	54	42	104	42	45	36	114
1	20	69	88	6	735	9	140	11401	383	3	25	2240	1020	11	77	32	91	45	15	17	54
1	113	159	200	60	770	5	113	10354	590	4	24	2298	827	11	43	43	114	60	22	20	68
1	5	61	158	76	708	11	121	11109	479	3	26	2253	995	63	48	34	118	64	26	30	61
1	104	117	182	31	786	11	136	11590	398	4	30	2569	1042	2	82	29	89	26	21	10	66
1	95	57	236	80	904	7	123	11960	591	4	24	2506	968	108	64	41	95	76	33	15	54
1	3	81	55	178	606	17	124	13761	469	4	23	2504	1119	3	55	43	102	57	17	39	65
1	165	97	196	134	826	10	121	12224	549	4	22	2581	1027	13	60	29	111	56	34	43	61
1	212	58	191	4	515	10	126	10085	382	4	27	2263	906	3	75	36	89	50	20	16	56
1	44	105	67	169	1519	5	125	13033	780	2	25	2530	1066	177	63	26	111	77	50	39	86
1	189	190	86	54	595	7	122	12337	478	3	26	2591	924	60	67	38	95	25	74	93	59
1	81	9	316	13	441	7	124	12063	390	4	27	2607	1138	4	63	49	88	28	29	32	34
1	2	39	50	31	363	11	138	10412	209	4	30	2330	1039	252	65	55	80	32	12	7	53
